<?xml version="1.0" encoding="UTF-8"?>
<!DOCTYPE   mapper 
PUBLIC "-//mybatis.org//DTD Mapper 3.0//EN" "http://mybatis.org/dtd/mybatis-3-mapper.dtd">

<mapper namespace="mjh.spring.stationery.member">

	<select id="selectAll" resultType="MemberDTO">
		select num, id, name, phoneNum, email
		from member
		order by num
	</select>

	<select id="selectDetail" parameterType="String"
		resultType="MemberDTO">
		select num,id,password,name,phoneNum,email,to_char(birthday, 'yyyy-mm-dd') birthday,gender from member
		where id = #{id}
	</select>

	<insert id="insert" parameterType="MemberDTO">
		insert into member (num, id, password, name, phoneNum, email, birthday, gender)
		values((select max(num+1)as num from member), #{id}, #{password}, #{name}, #{phoneNum}, #{email}, to_date(#{birthday}, 'yyyy-mm-dd'), #{gender})
	</insert>

	<update id="update" parameterType="MemberDTO">
		update member set password = #{password}, name = #{name}, phoneNum = #{phoneNum}, email = #{email}, birthday=to_date(#{birthday}, 'yyyy-mm-dd'), gender = #{gender}
		where id = #{id}
	</update>

	<delete id="delete" parameterType="java.lang.String">
		delete from member
		where id = #{id}
	</delete>
	
	<select id="number" parameterType="int" resultType="MemberDTO">
	select max(num+1) from member
	</select>
	
	
	<select id="login" parameterType="hashmap" resultType="MemberDTO">
	select * from member 
	where (id = #{id} and password = #{password})
	</select>
	
	<select id="searchId" parameterType="hashmap" resultType="MemberDTO">
	select * from member 
	where (name= #{name} and phoneNum = #{phoneNum})
	</select>

	<select id="searchPassword" parameterType="hashmap" resultType="MemberDTO">
	select * from member 
	where (id= #{id} and phoneNum = #{phoneNum})
	</select>
	
	<select id="productDeleteMember" parameterType="MemberDTO" resultType="MemberDTO">
	delete from product
	where id = (
	select id
	from member
	where id = #{id})
	</select>
	<select id="productReplyDeleteMember" parameterType="MemberDTO" resultType="MemberDTO">
	delete from product_reply
	where id = (
	select id
	from member
	where id = #{id})
	</select>

</mapper>

