<?xml version="1.0" encoding="UTF-8"?>
<beans xmlns="http://www.springframework.org/schema/beans"
	xmlns:xsi="http://www.w3.org/2001/XMLSchema-instance"
	xmlns:aop="http://www.springframework.org/schema/aop"
	xmlns:jdbc="http://www.springframework.org/schema/jdbc"
	xmlns:context="http://www.springframework.org/schema/context"
	xmlns:tx="http://www.springframework.org/schema/tx"
	xmlns:mybatis-spring="http://mybatis.org/schema/mybatis-spring"
	xsi:schemaLocation="http://www.springframework.org/schema/jdbc http://www.springframework.org/schema/jdbc/spring-jdbc-4.3.xsd
		http://mybatis.org/schema/mybatis-spring http://mybatis.org/schema/mybatis-spring-1.2.xsd
		http://www.springframework.org/schema/beans https://www.springframework.org/schema/beans/spring-beans.xsd
		http://www.springframework.org/schema/context http://www.springframework.org/schema/context/spring-context-4.3.xsd
		http://www.springframework.org/schema/aop http://www.springframework.org/schema/aop/spring-aop-4.3.xsd
		http://www.springframework.org/schema/tx http://www.springframework.org/schema/tx/spring-tx-4.3.xsd">
	
	<!-- Root Context: defines shared resources visible to all other web components -->
	<!-- 
	<bean
		class="org.springframework.beans.factory.config.PropertyPlaceholderConfigurer">
		<property name="location" value="config/jdbc.properties"></property>
	</bean> 
	<bean class="com.zaxxer.hikari.HikariDataSource" id="hikariDataSource" destroy-method="close"> 에서
	프로퍼티 벨류에 ${}가 아니고 직접 주소랑 값을 넣어주면 이게 있으면 안된다.
	 -->
	 <context:component-scan base-package="mjh.spring.stationery" />
	<bean class="com.zaxxer.hikari.HikariDataSource" id="hikariDataSource" destroy-method="close">
		<property name="driverClassName" value="net.sf.log4jdbc.sql.jdbcapi.DriverSpy" />
		<property name="jdbcUrl" value="jdbc:log4jdbc:oracle:thin:@127.0.0.1:1521:xe" />
		<property name="username" value="jh_jdbc" />
		<property name="password" value="1234" />
	</bean>
	
	<!-- JdbcAcs -->
	<bean class="org.mybatis.spring.SqlSessionFactoryBean" id="sqlSessionFactoryBean">
	<property name="dataSource" ref="hikariDataSource"/>
	<property name="configLocation" value="classpath:/configuration/config.xml"/>
	<property name="mapperLocations" value="classpath:/mapper/*.xml"></property>
	</bean>
	
	<bean class="org.mybatis.spring.SqlSessionTemplate" id="sqlSessionTemplate">
	<constructor-arg ref="sqlSessionFactoryBean"/>
	</bean>
	<bean class="org.springframework.jdbc.datasource.DataSourceTransactionManager" id="transactionManager">
	<property name="dataSource" ref="hikariDataSource"/>	
	</bean>
	
	<!-- 어노테이션을 생성하거나 도와주는 역할을 한다. -->
	<tx:annotation-driven transaction-manager="transactionManager"/>

</beans>
